{"car": [[[1.0, 0.0, 0.0, 14.79356861114502], [0.0, 1.0, 0.0, 85.5314712524414], [0.0, 0.0, 1.0, 4.893700122833252], [0.0, 0.0, 0.0, 1.0]], [[1.0, 0.0, 0.0, 30.04603385925293], [0.0, 1.0, 0.0, 100.0], [0.0, 0.0, 1.0, 9.720285415649414], [0.0, 0.0, 0.0, 1.0]], [[1.0, 0.0, 0.0, 7.404799461364746], [0.0, 1.0, 0.0, 74.82948303222656], [0.0, 0.0, 1.0, 4.138688325881958], [0.0, 0.0, 0.0, 1.0]]], "truck": [[[1.0, 0.0, 0.0, -1.556451678276062], [0.0, 1.0, 0.0, 37.36623764038086], [0.0, 0.0, 1.0, 2.93017578125], [0.0, 0.0, 0.0, 1.0]]], "traffic light": [[[1.0, 0.0, 0.0, 9.705127716064453], [0.0, 1.0, 0.0, 79.05827331542969], [0.0, 0.0, 1.0, -3.7401323318481445], [0.0, 0.0, 0.0, 1.0]]]}