{"car": [[[1.0, 0.0, 0.0, 16.421390533447266], [0.0, 1.0, 0.0, 94.9429931640625], [0.0, 0.0, 1.0, 5.2671287059783936], [0.0, 0.0, 0.0, 1.0]], [[1.0, 0.0, 0.0, 28.373483657836914], [0.0, 1.0, 0.0, 94.43338012695312], [0.0, 0.0, 1.0, 9.262693881988525], [0.0, 0.0, 0.0, 1.0]], [[1.0, 0.0, 0.0, 7.287520408630371], [0.0, 1.0, 0.0, 73.6443099975586], [0.0, 0.0, 1.0, 4.096895933151245], [0.0, 0.0, 0.0, 1.0]]], "truck": [[[1.0, 0.0, 0.0, -1.5422366857528687], [0.0, 1.0, 0.0, 37.02497482299805], [0.0, 0.0, 1.0, 2.9171141386032104], [0.0, 0.0, 0.0, 1.0]]], "traffic light": [[[1.0, 0.0, 0.0, 7.888720512390137], [0.0, 1.0, 0.0, 64.26176452636719], [0.0, 0.0, 1.0, -2.7593917846679688], [0.0, 0.0, 0.0, 1.0]]]}